FIRMENNAME,STRASSE_HAUSNUMMER,PLZ,ORT,LAND,KATEGORIE,UNTERKATEGORIE,WEBSITE,EMAIL
"iDM Energiesysteme GmbH","Seisener Straße 13","9971","Matrei in Osttirol","Österreich","Hersteller","Wärmepumpen Spezialist","https://www.idm-energie.at","office@idm-energie.at"
"OCHSNER Wärmepumpen GmbH","Ochsner-Straße 1","4020","Linz","Österreich","Hersteller","Wärmepumpen Pionier","https://www.ochsner.com","kontakt@ochsner.com"
"Heliotherm Wärmepumpentechnik GesmbH","Sportplatzstraße 18","6336","Langkampfen","Österreich","Hersteller","Hocheffizienz Wärmepumpen","https://www.heliotherm.com","info@heliotherm.com"
"Lambda Wärmepumpen GmbH","Gewerbepark 12","6322","Kirchbichl","Österreich","Hersteller","Innovations-Wärmepumpen","https://www.lambda-wp.at","office@lambda-wp.at"
"OVUM Heiztechnik GmbH","Unterer Feldweg 4","6322","Kirchbichl","Österreich","Hersteller","Wärmepumpensysteme","https://www.ovum.at","info@ovum.at"
"Weider Wärmepumpen GmbH","Rheinstraße 28","6971","Hard","Österreich","Hersteller","Wärmepumpentechnik","https://www.weider.co.at","office@weider.co.at"
"Ortner Gebäudetechnik GmbH","Gewerbestraße 10","6020","Innsbruck","Österreich","Installateur","SHK & Wärmepumpen","https://www.ortner-gebaeudetechnik.at","office@ortner-gebaeudetechnik.at"
"Praml Haustechnik GmbH","Linzer Straße 45","4020","Linz","Österreich","Installateur","Wärmepumpen & Haustechnik","https://www.praml.at","office@praml.at"
"Herz Energietechnik GmbH","Herz-Straße 1","7423","Pinkafeld","Österreich","Hersteller","Wärmepumpen & Biomasse","https://www.herz-energietechnik.at","office@herz-energietechnik.at"
